[
  {
    "id": 1,
    "title": "Loopstudios",
    "url": "https://www.chromoai.tech/loopstudios",
    "url_github": "https://github.com/DarCkly666/node-api-country",
    "image": "https://blog.hotmart.com/blog/2019/09/670x419-O-que-e-Landing-Page-e-como-criar-uma.webp"
  },
  {
    "id": 2,
    "title": "Sunny Side",
    "url": "https://www.chromoai.tech/sunnyside",
    "url_github": "https://github.com/DarCkly666/bVdaYwq",
    "image": "https://elements-cover-images-0.imgix.net/b0ddb8bb-7e2b-4a75-8128-28f5917ea45e?auto=compress%2Cformat&fit=max&w=900&s=2c2c364ac486a1723a888cb7af3cd011"
  }
]